{
  "Faithfulness": {
    "mean": 1.0,
    "min": 1.0,
    "max": 1.0,
    "median": 1.0
  },
  "AnswerRelevancy": {
    "mean": 1.0,
    "min": 1.0,
    "max": 1.0,
    "median": 1.0
  },
  "ContextualRelevancy": {
    "mean": 0.6388888888888888,
    "min": 0.5,
    "max": 0.9166666666666666,
    "median": 0.5
  },
  "GEval": {
    "mean": 0.5,
    "min": 0.5,
    "max": 0.5,
    "median": 0.5
  },
  "BLEURT": {
    "mean": 0.45965977509816486,
    "min": 0.4326696991920471,
    "max": 0.4800202250480652,
    "median": 0.4662894010543823
  },
  "CosineSimilarity": {
    "mean": 0.7340095410443599,
    "min": 0.6441761134177784,
    "max": 0.7851442089048304,
    "median": 0.7727083008104711
  },
  "avg_score": {
    "mean": 0.7220930341719023,
    "min": 0.6794743021016375,
    "max": 0.7803051834365937,
    "median": 0.7064996169774757
  }
}