model,examples_count,elapsed_time,Faithfulness_mean,AnswerRelevancy_mean,ContextualRelevancy_mean,GEval_mean,BLEURT_mean,CosineSimilarity_mean,avg_score_mean
google/gemma-3-12b-it,3,588.8025841712952,1.0,0.4444444444444444,0.6388888888888888,0.0,0.4049452344576518,0.601416969032662,0.5149492561372745
qwen/qwen3-32b,3,60.67891597747803,1.0,0.9285714285714285,0.6683006535947712,0.0,0.4531829158465068,0.6402115885444274,0.6150444310928558
