model,examples_count,elapsed_time,Faithfulness_mean,AnswerRelevancy_mean,ContextualRelevancy_mean,GEval_mean,BLEURT_mean,CosineSimilarity_mean,avg_score_mean
google/gemma-3-12b-it,3,60.68355393409729,1.0,1.0,0.6388888888888888,0.5,0.45965977509816486,0.7340095410443599,0.7220930341719023
qwen/qwen3-32b,3,88.07984900474548,1.0,1.0,0.71415770609319,0.0,0.38748716314633685,0.6257812990510879,0.6212376947151024
