{
  "Faithfulness": {
    "mean": 1.0,
    "min": 1.0,
    "max": 1.0,
    "median": 1.0
  },
  "AnswerRelevancy": {
    "mean": 1.0,
    "min": 1.0,
    "max": 1.0,
    "median": 1.0
  },
  "ContextualRelevancy": {
    "mean": 0.71415770609319,
    "min": 0.6129032258064516,
    "max": 0.9166666666666666,
    "median": 0.6129032258064516
  },
  "GEval": {
    "mean": 0.0,
    "min": 0.0,
    "max": 0.0,
    "median": 0.0
  },
  "BLEURT": {
    "mean": 0.38748716314633685,
    "min": 0.29550617933273315,
    "max": 0.4745890498161316,
    "median": 0.3923662602901459
  },
  "CosineSimilarity": {
    "mean": 0.6257812990510879,
    "min": 0.546767622278187,
    "max": 0.7180350002856982,
    "median": 0.6125412745893786
  },
  "avg_score": {
    "mean": 0.6212376947151024,
    "min": 0.5920061847291307,
    "max": 0.637452353431463,
    "median": 0.6342545459847135
  }
}