{
  "Faithfulness": {
    "mean": 1.0,
    "min": 1.0,
    "max": 1.0,
    "median": 1.0
  },
  "AnswerRelevancy": {
    "mean": 0.9285714285714285,
    "min": 0.9285714285714286,
    "max": 0.9285714285714286,
    "median": 0.9285714285714286
  },
  "ContextualRelevancy": {
    "mean": 0.6683006535947712,
    "min": 0.5,
    "max": 0.9166666666666666,
    "median": 0.5882352941176471
  },
  "GEval": {
    "mean": 0.0,
    "min": 0.0,
    "max": 0.0,
    "median": 0.0
  },
  "BLEURT": {
    "mean": 0.4531829158465068,
    "min": 0.42614316940307617,
    "max": 0.49041247367858887,
    "median": 0.4429931044578552
  },
  "CosineSimilarity": {
    "mean": 0.6402115885444274,
    "min": 0.6093340150204323,
    "max": 0.6669533869947838,
    "median": 0.6443473636180661
  },
  "avg_score": {
    "mean": 0.6150444310928558,
    "min": 0.5880529862117417,
    "max": 0.6563891086059925,
    "median": 0.6006911984608329
  }
}