{
  "Faithfulness": {
    "mean": 1.0,
    "min": 1.0,
    "max": 1.0,
    "median": 1.0
  },
  "AnswerRelevancy": {
    "mean": 0.4444444444444444,
    "min": 0.4444444444444444,
    "max": 0.4444444444444444,
    "median": 0.4444444444444444
  },
  "ContextualRelevancy": {
    "mean": 0.6388888888888888,
    "min": 0.5,
    "max": 0.9166666666666666,
    "median": 0.5
  },
  "GEval": {
    "mean": 0.0,
    "min": 0.0,
    "max": 0.0,
    "median": 0.0
  },
  "BLEURT": {
    "mean": 0.4049452344576518,
    "min": 0.3453732132911682,
    "max": 0.4538090229034424,
    "median": 0.4156534671783447
  },
  "CosineSimilarity": {
    "mean": 0.601416969032662,
    "min": 0.5532972814263101,
    "max": 0.6308531964830157,
    "median": 0.6201004291886602
  },
  "avg_score": {
    "mean": 0.5149492561372745,
    "min": 0.47385248986032047,
    "max": 0.5725034272005356,
    "median": 0.4984918513509675
  }
}